category,product_name,revenue,profit,rnk,dense_rnk,row_num,pct_of_category,running_category_rev
Furniture,Bookcase,4824000.0,1724800.0,1,1,1,32.53,4824000.0
Furniture,Standing Desk,3816800.0,1045800.0,2,2,2,25.73,8640800.0
Furniture,Filing Cabinet,3155250.0,1172950.0,3,3,3,21.27,11796050.0
Office Supplies,Whiteboard,2505750.0,800250.0,1,1,1,36.1,2505750.0
Office Supplies,Binder Set,1470870.0,604950.0,2,2,2,21.19,3976620.0
Office Supplies,A4 Paper Ream,1468057.5,442197.5,3,3,3,21.15,5444677.5
Technology,Laptop Pro 14,8261500.0,1493500.0,1,1,1,28.17,8261500.0
Technology,Smartphone X,7856100.0,1532100.0,2,2,2,26.78,16117600.0
Technology,27in Monitor,5451300.0,1276300.0,3,3,3,18.59,21568900.0
