year_month,revenue,ytd_revenue,moving_avg_3m,prev_month_rev,next_month_rev,pct_of_year_cum
2025-01,2340821.0,2340821.0,2340821.0,,2203624.5,7.1
2025-02,2203624.5,4544445.5,2272222.75,2340821.0,2907675.0,13.7
2025-03,2907675.0,7452120.5,2484040.17,2203624.5,1776163.5,22.4
2025-04,1776163.5,9228284.0,2295821.0,2907675.0,3000583.0,27.8
2025-05,3000583.0,12228867.0,2561473.83,1776163.5,1908193.0,36.8
2025-06,1908193.0,14137060.0,2228313.17,3000583.0,2659545.5,42.6
2025-07,2659545.5,16796605.5,2522773.83,1908193.0,2038508.5,50.6
2025-08,2038508.5,18835114.0,2202082.33,2659545.5,2863691.0,56.7
2025-09,2863691.0,21698805.0,2520581.67,2038508.5,3994322.5,65.4
2025-10,3994322.5,25693127.5,2965507.33,2863691.0,3917286.0,77.4
2025-11,3917286.0,29610413.5,3591766.5,3994322.5,3588895.5,89.2
2025-12,3588895.5,33199309.0,3833501.33,3917286.0,2939340.5,100.0
2026-01,2939340.5,2939340.5,3481840.67,3588895.5,2502539.5,16.4
2026-02,2502539.5,5441880.0,3010258.5,2939340.5,3368696.5,30.4
2026-03,3368696.5,8810576.5,2936858.83,2502539.5,3278600.5,49.2
2026-04,3278600.5,12089177.0,3049945.5,3368696.5,2903556.0,67.5
2026-05,2903556.0,14992733.0,3183617.67,3278600.5,2910855.5,83.7
2026-06,2910855.5,17903588.5,3031004.0,2903556.0,,100.0
