year_month,revenue,prev_revenue,revenue_change,revenue_mom_pct,profit_mom_pct,orders_mom_pct,trend_flag
2025-01,2340821.0,,,,,,n/a (first month)
2025-02,2203624.5,2340821.0,-137196.5,-5.86,-17.2,-5.76,Decline
2025-03,2907675.0,2203624.5,704050.5,31.95,39.85,29.77,Strong growth
2025-04,1776163.5,2907675.0,-1131511.5,-38.91,-28.43,-5.29,Decline
2025-05,3000583.0,1776163.5,1224419.5,68.94,36.99,-5.59,Strong growth
2025-06,1908193.0,3000583.0,-1092390.0,-36.41,-27.26,-9.21,Decline
2025-07,2659545.5,1908193.0,751352.5,39.38,24.94,6.52,Strong growth
2025-08,2038508.5,2659545.5,-621037.0,-23.35,-21.39,18.37,Decline
2025-09,2863691.0,2038508.5,825182.5,40.48,34.48,4.6,Strong growth
2025-10,3994322.5,2863691.0,1130631.5,39.48,42.14,32.42,Strong growth
2025-11,3917286.0,3994322.5,-77036.5,-1.93,8.41,4.15,Decline
2025-12,3588895.5,3917286.0,-328390.5,-8.38,-6.9,-10.76,Decline
2026-01,2939340.5,3588895.5,-649555.0,-18.1,-27.49,-16.96,Decline
2026-02,2502539.5,2939340.5,-436801.0,-14.86,-12.35,-24.73,Decline
2026-03,3368696.5,2502539.5,866157.0,34.61,32.4,42.14,Strong growth
2026-04,3278600.5,3368696.5,-90096.0,-2.67,-2.85,-4.02,Decline
2026-05,2903556.0,3278600.5,-375044.5,-11.44,-3.12,-4.71,Decline
2026-06,2910855.5,2903556.0,7299.5,0.25,-5.67,-4.95,Flat / mild growth
