year_month,technology_mom_pct,furniture_mom_pct,office_supplies_mom_pct
2025-01,,,
2025-02,-11.08,-11.32,29.55
2025-03,30.09,63.86,-11.25
2025-04,-53.05,-39.06,24.73
2025-05,168.97,7.4,-14.42
2025-06,-44.32,-26.29,-12.11
2025-07,37.87,65.4,6.59
2025-08,-15.63,-52.66,9.3
2025-09,39.15,93.55,-6.97
2025-10,53.97,7.16,32.69
2025-11,-29.11,80.85,20.0
2025-12,-22.91,12.37,-9.91
2026-01,6.71,-36.06,-35.48
2026-02,-8.59,-24.33,-16.32
2026-03,35.69,31.22,38.26
2026-04,-1.98,-9.83,12.48
2026-05,-18.94,3.3,-8.43
2026-06,29.42,-39.29,-23.0
